,decision,optimal_auc,imitation_auc,optimal_acc,imitation_acc
0,0,0.9609810479375697,0.6140267175572519,0.8707482993197279,0.8367346938775511
1,1,0.9823428079242033,0.6247282608695652,0.9591836734693877,0.7619047619047619
2,2,0.9964539007092198,0.7975206611570247,0.9795918367346939,0.8163265306122449
