,decision,optimal_auc,imitation_auc,optimal_acc,imitation_acc
0,0,0.8411371237458194,0.58206106870229,0.7891156462585034,0.8775510204081632
1,1,0.9728053435114504,0.7309782608695653,0.9251700680272109,0.7755102040816326
2,2,0.9450780312124849,0.7933884297520661,0.8979591836734694,0.8095238095238095
